id,match_id,half,team_name,name,start,end
1,1,One,Team A,IN_POSSESSION,361,1124
2,1,One,Team B,OUT_POSSESSION,361,1124
3,1,One,Team B,IN_POSSESSION,1125,1231
4,1,One,Team A,OUT_POSSESSION,1125,1231
5,1,One,Team A,IN_POSSESSION,1232,1284
6,1,One,Team B,OUT_POSSESSION,1232,1284
7,1,One,Team B,IN_POSSESSION,1285,1313
8,1,One,Team A,OUT_POSSESSION,1285,1313
9,1,One,Team A,IN_POSSESSION,1314,1365
10,1,One,Team B,OUT_POSSESSION,1314,1365
11,1,One,Team A,IN_POSSESSION,1368,2071
12,1,One,Team B,OUT_POSSESSION,1368,2071
13,1,One,Team B,IN_POSSESSION,2072,2490
14,1,One,Team A,OUT_POSSESSION,2072,2490
15,1,One,Team A,IN_POSSESSION,2491,2499
16,1,One,Team B,OUT_POSSESSION,2491,2499
17,1,One,Team B,IN_POSSESSION,2500,2844
18,1,One,Team A,OUT_POSSESSION,2500,2844
19,1,One,Team A,IN_POSSESSION,2845,2948
20,1,One,Team B,OUT_POSSESSION,2845,2948
21,1,One,Team B,IN_POSSESSION,2949,3542
22,1,One,Team A,OUT_POSSESSION,2949,3542
23,1,One,Team A,IN_POSSESSION,3543,3609
24,1,One,Team B,OUT_POSSESSION,3543,3609
25,1,One,Team B,IN_POSSESSION,3626,3660
26,1,One,Team A,OUT_POSSESSION,3626,3660
27,1,One,Team A,IN_POSSESSION,3661,3994
28,1,One,Team B,OUT_POSSESSION,3661,3994
29,1,One,Team B,IN_POSSESSION,3995,4405
30,1,One,Team A,OUT_POSSESSION,3995,4405
31,1,One,Team A,IN_POSSESSION,4406,4480
32,1,One,Team B,OUT_POSSESSION,4406,4480
33,1,One,Team A,IN_POSSESSION,4481,4482
34,1,One,Team B,OUT_POSSESSION,4481,4482
35,1,One,Team A,IN_POSSESSION,5829,5857
36,1,One,Team B,OUT_POSSESSION,5829,5857
37,1,One,Team B,IN_POSSESSION,5858,6448
38,1,One,Team A,OUT_POSSESSION,5858,6448
39,1,One,Team A,IN_POSSESSION,6449,6485
40,1,One,Team B,OUT_POSSESSION,6449,6485
41,1,One,Team B,IN_POSSESSION,6514,6674
42,1,One,Team A,OUT_POSSESSION,6514,6674
43,1,One,Team A,IN_POSSESSION,6675,7612
44,1,One,Team B,OUT_POSSESSION,6675,7612
45,1,One,Team B,IN_POSSESSION,7613,8132
46,1,One,Team A,OUT_POSSESSION,7613,8132
47,1,One,Team A,IN_POSSESSION,8133,8173
48,1,One,Team B,OUT_POSSESSION,8133,8173
49,1,One,Team B,IN_POSSESSION,8174,8209
50,1,One,Team A,OUT_POSSESSION,8174,8209
51,1,One,Team A,IN_POSSESSION,8210,8247
52,1,One,Team B,OUT_POSSESSION,8210,8247
53,1,One,Team B,IN_POSSESSION,8248,8293
54,1,One,Team A,OUT_POSSESSION,8248,8293
55,1,One,Team A,IN_POSSESSION,8294,8354
56,1,One,Team B,OUT_POSSESSION,8294,8354
57,1,One,Team B,IN_POSSESSION,8393,8459
58,1,One,Team A,OUT_POSSESSION,8393,8459
59,1,One,Team A,IN_POSSESSION,8460,8530
60,1,One,Team B,OUT_POSSESSION,8460,8530
61,1,One,Team A,IN_POSSESSION,8547,9321
62,1,One,Team B,OUT_POSSESSION,8547,9321
63,1,One,Team B,IN_POSSESSION,9322,9572
64,1,One,Team A,OUT_POSSESSION,9322,9572
65,1,One,Team A,IN_POSSESSION,9573,9667
66,1,One,Team B,OUT_POSSESSION,9573,9667
67,1,One,Team B,IN_POSSESSION,9668,9914
68,1,One,Team A,OUT_POSSESSION,9668,9914
69,1,One,Team A,IN_POSSESSION,9915,9966
70,1,One,Team B,OUT_POSSESSION,9915,9966
71,1,One,Team B,IN_POSSESSION,10016,10090
72,1,One,Team A,OUT_POSSESSION,10016,10090
73,1,One,Team A,IN_POSSESSION,10091,10134
74,1,One,Team B,OUT_POSSESSION,10091,10134
75,1,One,Team B,IN_POSSESSION,10135,10360
76,1,One,Team A,OUT_POSSESSION,10135,10360
77,1,One,Team A,IN_POSSESSION,10361,10935
78,1,One,Team B,OUT_POSSESSION,10361,10935
79,1,One,Team B,IN_POSSESSION,10936,11129
80,1,One,Team A,OUT_POSSESSION,10936,11129
81,1,One,Team B,IN_POSSESSION,11130,11177
82,1,One,Team A,OUT_POSSESSION,11130,11177
83,1,One,Team A,IN_POSSESSION,11178,11657
84,1,One,Team B,OUT_POSSESSION,11178,11657
85,1,One,Team B,IN_POSSESSION,11658,12056
86,1,One,Team A,OUT_POSSESSION,11658,12056
87,1,One,Team A,IN_POSSESSION,12057,12101
88,1,One,Team B,OUT_POSSESSION,12057,12101
89,1,One,Team B,IN_POSSESSION,12102,12127
90,1,One,Team A,OUT_POSSESSION,12102,12127
91,1,One,Team A,IN_POSSESSION,12128,12166
92,1,One,Team B,OUT_POSSESSION,12128,12166
93,1,One,Team A,IN_POSSESSION,12167,12170
94,1,One,Team B,OUT_POSSESSION,12167,12170
95,1,One,Team A,IN_POSSESSION,12199,12263
96,1,One,Team B,OUT_POSSESSION,12199,12263
97,1,One,Team B,IN_POSSESSION,12286,12298
98,1,One,Team A,OUT_POSSESSION,12286,12298
99,1,One,Team B,IN_POSSESSION,12299,12301
100,1,One,Team A,OUT_POSSESSION,12299,12301
101,1,One,Team B,IN_POSSESSION,12357,12536
102,1,One,Team A,OUT_POSSESSION,12357,12536
103,1,One,Team A,IN_POSSESSION,12537,12674
104,1,One,Team B,OUT_POSSESSION,12537,12674
105,1,One,Team A,IN_POSSESSION,12677,13429
106,1,One,Team B,OUT_POSSESSION,12677,13429
107,1,One,Team A,IN_POSSESSION,13430,13431
108,1,One,Team B,OUT_POSSESSION,13430,13431
109,1,One,Team A,IN_POSSESSION,13464,13559
110,1,One,Team B,OUT_POSSESSION,13464,13559
111,1,One,Team B,IN_POSSESSION,13560,15655
112,1,One,Team A,OUT_POSSESSION,13560,15655
113,1,One,Team B,IN_POSSESSION,15656,15657
114,1,One,Team A,OUT_POSSESSION,15656,15657
115,1,One,Team B,IN_POSSESSION,15682,15832
116,1,One,Team A,OUT_POSSESSION,15682,15832
117,1,One,Team A,IN_POSSESSION,15833,16094
118,1,One,Team B,OUT_POSSESSION,15833,16094
119,1,One,Team A,IN_POSSESSION,16154,16272
120,1,One,Team B,OUT_POSSESSION,16154,16272
121,1,One,Team B,IN_POSSESSION,16273,16288
122,1,One,Team A,OUT_POSSESSION,16273,16288
123,1,One,Team B,IN_POSSESSION,16324,16977
124,1,One,Team A,OUT_POSSESSION,16324,16977
125,1,One,Team A,IN_POSSESSION,16978,18146
126,1,One,Team B,OUT_POSSESSION,16978,18146
127,1,One,Team B,IN_POSSESSION,18147,18309
128,1,One,Team A,OUT_POSSESSION,18147,18309
129,1,One,Team A,IN_POSSESSION,18310,18619
130,1,One,Team B,OUT_POSSESSION,18310,18619
131,1,One,Team B,IN_POSSESSION,18620,19087
132,1,One,Team A,OUT_POSSESSION,18620,19087
133,1,One,Team A,IN_POSSESSION,19088,19496
134,1,One,Team B,OUT_POSSESSION,19088,19496
135,1,One,Team A,IN_POSSESSION,19497,19505
136,1,One,Team B,OUT_POSSESSION,19497,19505
137,1,One,Team A,IN_POSSESSION,19509,19965
138,1,One,Team B,OUT_POSSESSION,19509,19965
139,1,One,Team B,IN_POSSESSION,19966,20082
140,1,One,Team A,OUT_POSSESSION,19966,20082
141,1,One,Team B,IN_POSSESSION,20083,20084
142,1,One,Team A,OUT_POSSESSION,20083,20084
143,1,One,Team B,IN_POSSESSION,20116,20119
144,1,One,Team A,OUT_POSSESSION,20116,20119
145,1,One,Team A,IN_POSSESSION,20140,20208
146,1,One,Team B,OUT_POSSESSION,20140,20208
147,1,One,Team B,IN_POSSESSION,20209,20340
148,1,One,Team A,OUT_POSSESSION,20209,20340
149,1,One,Team A,IN_POSSESSION,20341,20492
150,1,One,Team B,OUT_POSSESSION,20341,20492
151,1,One,Team B,IN_POSSESSION,20493,20505
152,1,One,Team A,OUT_POSSESSION,20493,20505
153,1,One,Team A,IN_POSSESSION,20506,20536
154,1,One,Team B,OUT_POSSESSION,20506,20536
155,1,One,Team B,IN_POSSESSION,20537,20627
156,1,One,Team A,OUT_POSSESSION,20537,20627
157,1,One,Team A,IN_POSSESSION,20628,21142
158,1,One,Team B,OUT_POSSESSION,20628,21142
159,1,One,Team B,IN_POSSESSION,21143,21178
160,1,One,Team A,OUT_POSSESSION,21143,21178
161,1,One,Team B,IN_POSSESSION,21275,21355
162,1,One,Team A,OUT_POSSESSION,21275,21355
163,1,One,Team A,IN_POSSESSION,21356,21828
164,1,One,Team B,OUT_POSSESSION,21356,21828
165,1,One,Team B,IN_POSSESSION,21829,22781
166,1,One,Team A,OUT_POSSESSION,21829,22781
167,1,One,Team A,IN_POSSESSION,22782,22832
168,1,One,Team B,OUT_POSSESSION,22782,22832
169,1,One,Team A,IN_POSSESSION,22833,22834
170,1,One,Team B,OUT_POSSESSION,22833,22834
171,1,One,Team B,IN_POSSESSION,22870,23220
172,1,One,Team A,OUT_POSSESSION,22870,23220
173,1,One,Team A,IN_POSSESSION,23221,23478
174,1,One,Team B,OUT_POSSESSION,23221,23478
175,1,One,Team B,IN_POSSESSION,23479,23583
176,1,One,Team A,OUT_POSSESSION,23479,23583
177,1,One,Team A,IN_POSSESSION,23584,23632
178,1,One,Team B,OUT_POSSESSION,23584,23632
179,1,One,Team A,IN_POSSESSION,23716,24184
180,1,One,Team B,OUT_POSSESSION,23716,24184
181,1,One,Team B,IN_POSSESSION,24185,24211
182,1,One,Team A,OUT_POSSESSION,24185,24211
183,1,One,Team B,IN_POSSESSION,24212,24218
184,1,One,Team A,OUT_POSSESSION,24212,24218
185,1,One,Team B,IN_POSSESSION,24546,25243
186,1,One,Team A,OUT_POSSESSION,24546,25243
187,1,One,Team A,IN_POSSESSION,25244,25282
188,1,One,Team B,OUT_POSSESSION,25244,25282
189,1,One,Team B,IN_POSSESSION,25283,25302
190,1,One,Team A,OUT_POSSESSION,25283,25302
191,1,One,Team A,IN_POSSESSION,25303,25489
192,1,One,Team B,OUT_POSSESSION,25303,25489
193,1,One,Team A,IN_POSSESSION,25490,25491
194,1,One,Team B,OUT_POSSESSION,25490,25491
195,1,One,Team B,IN_POSSESSION,25492,26689
196,1,One,Team A,OUT_POSSESSION,25492,26689
197,1,One,Team A,IN_POSSESSION,26690,27055
198,1,One,Team B,OUT_POSSESSION,26690,27055
199,1,One,Team B,IN_POSSESSION,27056,28880
200,1,One,Team A,OUT_POSSESSION,27056,28880
201,1,One,Team A,IN_POSSESSION,28881,29118
202,1,One,Team B,OUT_POSSESSION,28881,29118
203,1,One,Team B,IN_POSSESSION,29151,29536
204,1,One,Team A,OUT_POSSESSION,29151,29536
205,1,One,Team A,IN_POSSESSION,29537,29703
206,1,One,Team B,OUT_POSSESSION,29537,29703
207,1,One,Team B,IN_POSSESSION,29704,29935
208,1,One,Team A,OUT_POSSESSION,29704,29935
209,1,One,Team A,IN_POSSESSION,29936,30150
210,1,One,Team B,OUT_POSSESSION,29936,30150
211,1,One,Team B,IN_POSSESSION,30204,31235
212,1,One,Team A,OUT_POSSESSION,30204,31235
213,1,One,Team A,IN_POSSESSION,31236,31260
214,1,One,Team B,OUT_POSSESSION,31236,31260
215,1,One,Team B,IN_POSSESSION,31291,31466
216,1,One,Team A,OUT_POSSESSION,31291,31466
217,1,One,Team A,IN_POSSESSION,31467,31666
218,1,One,Team B,OUT_POSSESSION,31467,31666
219,1,One,Team B,IN_POSSESSION,31667,31747
220,1,One,Team A,OUT_POSSESSION,31667,31747
221,1,One,Team A,IN_POSSESSION,31748,31750
222,1,One,Team B,OUT_POSSESSION,31748,31750
223,1,One,Team A,IN_POSSESSION,31780,32124
224,1,One,Team B,OUT_POSSESSION,31780,32124
225,1,One,Team B,IN_POSSESSION,32125,32527
226,1,One,Team A,OUT_POSSESSION,32125,32527
227,1,One,Team A,IN_POSSESSION,32528,32615
228,1,One,Team B,OUT_POSSESSION,32528,32615
229,1,One,Team B,IN_POSSESSION,32616,32828
230,1,One,Team A,OUT_POSSESSION,32616,32828
231,1,One,Team A,IN_POSSESSION,32829,32884
232,1,One,Team B,OUT_POSSESSION,32829,32884
233,1,One,Team A,IN_POSSESSION,32885,32886
234,1,One,Team B,OUT_POSSESSION,32885,32886
235,1,One,Team A,IN_POSSESSION,32911,32934
236,1,One,Team B,OUT_POSSESSION,32911,32934
237,1,One,Team B,IN_POSSESSION,32978,33518
238,1,One,Team A,OUT_POSSESSION,32978,33518
239,1,One,Team A,IN_POSSESSION,33519,33547
240,1,One,Team B,OUT_POSSESSION,33519,33547
241,1,One,Team A,IN_POSSESSION,33551,33690
242,1,One,Team B,OUT_POSSESSION,33551,33690
243,1,One,Team B,IN_POSSESSION,33691,33735
244,1,One,Team A,OUT_POSSESSION,33691,33735
245,1,One,Team A,IN_POSSESSION,33736,33774
246,1,One,Team B,OUT_POSSESSION,33736,33774
247,1,One,Team A,IN_POSSESSION,33832,34826
248,1,One,Team B,OUT_POSSESSION,33832,34826
249,1,One,Team B,IN_POSSESSION,34827,35278
250,1,One,Team A,OUT_POSSESSION,34827,35278
251,1,One,Team A,IN_POSSESSION,35375,35772
252,1,One,Team B,OUT_POSSESSION,35375,35772
253,1,One,Team B,IN_POSSESSION,35773,35822
254,1,One,Team A,OUT_POSSESSION,35773,35822
255,1,One,Team A,IN_POSSESSION,35823,36225
256,1,One,Team B,OUT_POSSESSION,35823,36225
257,1,One,Team B,IN_POSSESSION,36226,36773
258,1,One,Team A,OUT_POSSESSION,36226,36773
259,1,One,Team B,IN_POSSESSION,36818,37052
260,1,One,Team A,OUT_POSSESSION,36818,37052
261,1,One,Team A,IN_POSSESSION,37053,37681
262,1,One,Team B,OUT_POSSESSION,37053,37681
263,1,One,Team B,IN_POSSESSION,37682,37742
264,1,One,Team A,OUT_POSSESSION,37682,37742
265,1,One,Team A,IN_POSSESSION,37743,38312
266,1,One,Team B,OUT_POSSESSION,37743,38312
267,1,One,Team A,IN_POSSESSION,38322,38325
268,1,One,Team B,OUT_POSSESSION,38322,38325
269,1,One,Team A,IN_POSSESSION,38384,38650
270,1,One,Team B,OUT_POSSESSION,38384,38650
271,1,One,Team B,IN_POSSESSION,38651,38794
272,1,One,Team A,OUT_POSSESSION,38651,38794
273,1,One,Team A,IN_POSSESSION,38795,39634
274,1,One,Team B,OUT_POSSESSION,38795,39634
275,1,One,Team B,IN_POSSESSION,39678,40703
276,1,One,Team A,OUT_POSSESSION,39678,40703
277,1,One,Team B,IN_POSSESSION,40746,40905
278,1,One,Team A,OUT_POSSESSION,40746,40905
279,1,One,Team A,IN_POSSESSION,40906,41262
280,1,One,Team B,OUT_POSSESSION,40906,41262
281,1,One,Team B,IN_POSSESSION,41263,41279
282,1,One,Team A,OUT_POSSESSION,41263,41279
283,1,One,Team B,IN_POSSESSION,41280,41284
284,1,One,Team A,OUT_POSSESSION,41280,41284
285,1,One,Team B,IN_POSSESSION,41508,42152
286,1,One,Team A,OUT_POSSESSION,41508,42152
287,1,One,Team A,IN_POSSESSION,42153,42278
288,1,One,Team B,OUT_POSSESSION,42153,42278
289,1,One,Team B,IN_POSSESSION,42280,42323
290,1,One,Team A,OUT_POSSESSION,42280,42323
291,1,One,Team A,IN_POSSESSION,42324,42546
292,1,One,Team B,OUT_POSSESSION,42324,42546
293,1,One,Team B,IN_POSSESSION,42547,42572
294,1,One,Team A,OUT_POSSESSION,42547,42572
295,1,One,Team A,IN_POSSESSION,42573,42657
296,1,One,Team B,OUT_POSSESSION,42573,42657
297,1,One,Team B,IN_POSSESSION,42658,44156
298,1,One,Team A,OUT_POSSESSION,42658,44156
299,1,One,Team A,IN_POSSESSION,44157,44266
300,1,One,Team B,OUT_POSSESSION,44157,44266
301,1,One,Team A,IN_POSSESSION,44396,44717
302,1,One,Team B,OUT_POSSESSION,44396,44717
303,1,One,Team A,IN_POSSESSION,44718,44719
304,1,One,Team B,OUT_POSSESSION,44718,44719
305,1,One,Team B,IN_POSSESSION,44720,44960
306,1,One,Team A,OUT_POSSESSION,44720,44960
307,1,One,Team B,IN_POSSESSION,45005,45460
308,1,One,Team A,OUT_POSSESSION,45005,45460
309,1,One,Team A,IN_POSSESSION,45462,45510
310,1,One,Team B,OUT_POSSESSION,45462,45510
311,1,One,Team B,IN_POSSESSION,45511,47195
312,1,One,Team A,OUT_POSSESSION,45511,47195
313,1,One,Team A,IN_POSSESSION,47196,47352
314,1,One,Team B,OUT_POSSESSION,47196,47352
315,1,One,Team B,IN_POSSESSION,47955,48678
316,1,One,Team A,OUT_POSSESSION,47955,48678
317,1,One,Team A,IN_POSSESSION,48679,48706
318,1,One,Team B,OUT_POSSESSION,48679,48706
319,1,One,Team A,IN_POSSESSION,48707,48711
320,1,One,Team B,OUT_POSSESSION,48707,48711
321,1,One,Team B,IN_POSSESSION,48738,48848
322,1,One,Team A,OUT_POSSESSION,48738,48848
323,1,One,Team A,IN_POSSESSION,48849,49152
324,1,One,Team B,OUT_POSSESSION,48849,49152
325,1,One,Team B,IN_POSSESSION,49153,49598
326,1,One,Team A,OUT_POSSESSION,49153,49598
327,1,One,Team A,IN_POSSESSION,49599,49695
328,1,One,Team B,OUT_POSSESSION,49599,49695
329,1,One,Team B,IN_POSSESSION,49696,50328
330,1,One,Team A,OUT_POSSESSION,49696,50328
331,1,One,Team A,IN_POSSESSION,50329,50419
332,1,One,Team B,OUT_POSSESSION,50329,50419
333,1,One,Team A,IN_POSSESSION,50421,50453
334,1,One,Team B,OUT_POSSESSION,50421,50453
335,1,One,Team B,IN_POSSESSION,50454,50757
336,1,One,Team A,OUT_POSSESSION,50454,50757
337,1,One,Team A,IN_POSSESSION,50758,51488
338,1,One,Team B,OUT_POSSESSION,50758,51488
339,1,One,Team B,IN_POSSESSION,51489,51668
340,1,One,Team A,OUT_POSSESSION,51489,51668
341,1,One,Team A,IN_POSSESSION,51669,51770
342,1,One,Team B,OUT_POSSESSION,51669,51770
343,1,One,Team A,IN_POSSESSION,51858,51908
344,1,One,Team B,OUT_POSSESSION,51858,51908
345,1,One,Team B,IN_POSSESSION,51909,51966
346,1,One,Team A,OUT_POSSESSION,51909,51966
347,1,One,Team A,IN_POSSESSION,51967,52510
348,1,One,Team B,OUT_POSSESSION,51967,52510
349,1,One,Team B,IN_POSSESSION,52511,52513
350,1,One,Team A,OUT_POSSESSION,52511,52513
351,1,One,Team B,IN_POSSESSION,52514,52516
352,1,One,Team A,OUT_POSSESSION,52514,52516
353,1,One,Team B,IN_POSSESSION,53443,53539
354,1,One,Team A,OUT_POSSESSION,53443,53539
355,1,One,Team A,IN_POSSESSION,53541,53583
356,1,One,Team B,OUT_POSSESSION,53541,53583
357,1,One,Team A,IN_POSSESSION,53584,53587
358,1,One,Team B,OUT_POSSESSION,53584,53587
359,1,One,Team A,IN_POSSESSION,53624,53709
360,1,One,Team B,OUT_POSSESSION,53624,53709
361,1,One,Team B,IN_POSSESSION,53710,53980
362,1,One,Team A,OUT_POSSESSION,53710,53980
363,1,One,Team A,IN_POSSESSION,53981,54158
364,1,One,Team B,OUT_POSSESSION,53981,54158
365,1,One,Team A,IN_POSSESSION,54159,54183
366,1,One,Team B,OUT_POSSESSION,54159,54183
367,1,One,Team B,IN_POSSESSION,54184,55334
368,1,One,Team A,OUT_POSSESSION,54184,55334
369,1,One,Team A,IN_POSSESSION,55335,55859
370,1,One,Team B,OUT_POSSESSION,55335,55859
371,1,One,Team A,IN_POSSESSION,55860,55863
372,1,One,Team B,OUT_POSSESSION,55860,55863
373,1,One,Team A,IN_POSSESSION,55881,56241
374,1,One,Team B,OUT_POSSESSION,55881,56241
375,1,One,Team B,IN_POSSESSION,56242,56500
376,1,One,Team A,OUT_POSSESSION,56242,56500
377,1,One,Team A,IN_POSSESSION,56501,56526
378,1,One,Team B,OUT_POSSESSION,56501,56526
379,1,One,Team B,IN_POSSESSION,56527,56692
380,1,One,Team A,OUT_POSSESSION,56527,56692
381,1,One,Team A,IN_POSSESSION,56693,56925
382,1,One,Team B,OUT_POSSESSION,56693,56925
383,1,One,Team B,IN_POSSESSION,56926,57166
384,1,One,Team A,OUT_POSSESSION,56926,57166
385,1,One,Team A,IN_POSSESSION,57167,58991
386,1,One,Team B,OUT_POSSESSION,57167,58991
387,1,One,Team B,IN_POSSESSION,58992,59094
388,1,One,Team A,OUT_POSSESSION,58992,59094
389,1,One,Team A,IN_POSSESSION,59235,59297
390,1,One,Team B,OUT_POSSESSION,59235,59297
391,1,One,Team B,IN_POSSESSION,59298,59329
392,1,One,Team A,OUT_POSSESSION,59298,59329
393,1,One,Team B,IN_POSSESSION,59330,59331
394,1,One,Team A,OUT_POSSESSION,59330,59331
395,1,One,Team B,IN_POSSESSION,59383,59656
396,1,One,Team A,OUT_POSSESSION,59383,59656
397,1,One,Team A,IN_POSSESSION,59657,60196
398,1,One,Team B,OUT_POSSESSION,59657,60196
399,1,One,Team B,IN_POSSESSION,60265,60520
400,1,One,Team A,OUT_POSSESSION,60265,60520
401,1,One,Team B,IN_POSSESSION,60544,61452
402,1,One,Team A,OUT_POSSESSION,60544,61452
403,1,One,Team A,IN_POSSESSION,61453,61454
404,1,One,Team B,OUT_POSSESSION,61453,61454
405,1,One,Team B,IN_POSSESSION,61455,61486
406,1,One,Team A,OUT_POSSESSION,61455,61486
407,1,One,Team A,IN_POSSESSION,61487,61661
408,1,One,Team B,OUT_POSSESSION,61487,61661
409,1,One,Team B,IN_POSSESSION,61662,61664
410,1,One,Team A,OUT_POSSESSION,61662,61664
411,1,One,Team B,IN_POSSESSION,61717,61853
412,1,One,Team A,OUT_POSSESSION,61717,61853
413,1,One,Team A,IN_POSSESSION,61854,61889
414,1,One,Team B,OUT_POSSESSION,61854,61889
415,1,One,Team B,IN_POSSESSION,61890,62060
416,1,One,Team A,OUT_POSSESSION,61890,62060
417,1,One,Team A,IN_POSSESSION,62061,62253
418,1,One,Team B,OUT_POSSESSION,62061,62253
419,1,One,Team A,IN_POSSESSION,62259,62283
420,1,One,Team B,OUT_POSSESSION,62259,62283
421,1,One,Team B,IN_POSSESSION,62284,62475
422,1,One,Team A,OUT_POSSESSION,62284,62475
423,1,One,Team A,IN_POSSESSION,62476,62662
424,1,One,Team B,OUT_POSSESSION,62476,62662
425,1,One,Team B,IN_POSSESSION,63853,64033
426,1,One,Team A,OUT_POSSESSION,63853,64033
427,1,One,Team A,IN_POSSESSION,64034,64087
428,1,One,Team B,OUT_POSSESSION,64034,64087
429,1,One,Team B,IN_POSSESSION,64127,64591
430,1,One,Team A,OUT_POSSESSION,64127,64591
431,1,One,Team A,IN_POSSESSION,64592,64660
432,1,One,Team B,OUT_POSSESSION,64592,64660
433,1,One,Team A,IN_POSSESSION,64696,64728
434,1,One,Team B,OUT_POSSESSION,64696,64728
435,1,One,Team B,IN_POSSESSION,64729,64733
436,1,One,Team A,OUT_POSSESSION,64729,64733
437,1,One,Team A,IN_POSSESSION,64734,64746
438,1,One,Team B,OUT_POSSESSION,64734,64746
439,1,One,Team B,IN_POSSESSION,64747,64778
440,1,One,Team A,OUT_POSSESSION,64747,64778
441,1,One,Team B,IN_POSSESSION,64803,65299
442,1,One,Team A,OUT_POSSESSION,64803,65299
443,1,One,Team A,IN_POSSESSION,65300,65375
444,1,One,Team B,OUT_POSSESSION,65300,65375
445,1,One,Team A,IN_POSSESSION,65377,65436
446,1,One,Team B,OUT_POSSESSION,65377,65436
447,1,One,Team B,IN_POSSESSION,65437,65541
448,1,One,Team A,OUT_POSSESSION,65437,65541
449,1,One,Team B,IN_POSSESSION,65585,65605
450,1,One,Team A,OUT_POSSESSION,65585,65605
451,1,One,Team A,IN_POSSESSION,65606,65950
452,1,One,Team B,OUT_POSSESSION,65606,65950
453,1,One,Team B,IN_POSSESSION,65951,66239
454,1,One,Team A,OUT_POSSESSION,65951,66239
455,1,One,Team A,IN_POSSESSION,66240,67538
456,1,One,Team B,OUT_POSSESSION,66240,67538
457,1,One,Team B,IN_POSSESSION,67539,68305
458,1,One,Team A,OUT_POSSESSION,67539,68305
459,1,One,Team A,IN_POSSESSION,68306,69541
460,1,One,Team B,OUT_POSSESSION,68306,69541
461,1,Two,Team B,IN_POSSESSION,70090,70307
462,1,Two,Team A,OUT_POSSESSION,70090,70307
463,1,Two,Team A,IN_POSSESSION,70308,70349
464,1,Two,Team B,OUT_POSSESSION,70308,70349
465,1,Two,Team B,IN_POSSESSION,70350,70908
466,1,Two,Team A,OUT_POSSESSION,70350,70908
467,1,Two,Team A,IN_POSSESSION,70909,70948
468,1,Two,Team B,OUT_POSSESSION,70909,70948
469,1,Two,Team A,IN_POSSESSION,71141,71201
470,1,Two,Team B,OUT_POSSESSION,71141,71201
471,1,Two,Team B,IN_POSSESSION,71202,71203
472,1,Two,Team A,OUT_POSSESSION,71202,71203
473,1,Two,Team A,IN_POSSESSION,71204,71228
474,1,Two,Team B,OUT_POSSESSION,71204,71228
475,1,Two,Team B,IN_POSSESSION,71229,71245
476,1,Two,Team A,OUT_POSSESSION,71229,71245
477,1,Two,Team B,IN_POSSESSION,71272,71507
478,1,Two,Team A,OUT_POSSESSION,71272,71507
479,1,Two,Team A,IN_POSSESSION,71508,71671
480,1,Two,Team B,OUT_POSSESSION,71508,71671
481,1,Two,Team B,IN_POSSESSION,71672,71993
482,1,Two,Team A,OUT_POSSESSION,71672,71993
483,1,Two,Team A,IN_POSSESSION,71994,72045
484,1,Two,Team B,OUT_POSSESSION,71994,72045
485,1,Two,Team A,IN_POSSESSION,72132,72521
486,1,Two,Team B,OUT_POSSESSION,72132,72521
487,1,Two,Team B,IN_POSSESSION,72522,72598
488,1,Two,Team A,OUT_POSSESSION,72522,72598
489,1,Two,Team A,IN_POSSESSION,72599,72764
490,1,Two,Team B,OUT_POSSESSION,72599,72764
491,1,Two,Team B,IN_POSSESSION,72765,72963
492,1,Two,Team A,OUT_POSSESSION,72765,72963
493,1,Two,Team A,IN_POSSESSION,72964,73407
494,1,Two,Team B,OUT_POSSESSION,72964,73407
495,1,Two,Team B,IN_POSSESSION,73408,73497
496,1,Two,Team A,OUT_POSSESSION,73408,73497
497,1,Two,Team A,IN_POSSESSION,73498,73880
498,1,Two,Team B,OUT_POSSESSION,73498,73880
499,1,Two,Team A,IN_POSSESSION,73884,74562
500,1,Two,Team B,OUT_POSSESSION,73884,74562
501,1,Two,Team B,IN_POSSESSION,74563,74680
502,1,Two,Team A,OUT_POSSESSION,74563,74680
503,1,Two,Team A,IN_POSSESSION,74681,74997
504,1,Two,Team B,OUT_POSSESSION,74681,74997
505,1,Two,Team B,IN_POSSESSION,74998,75556
506,1,Two,Team A,OUT_POSSESSION,74998,75556
507,1,Two,Team A,IN_POSSESSION,75557,75704
508,1,Two,Team B,OUT_POSSESSION,75557,75704
509,1,Two,Team B,IN_POSSESSION,75705,75787
510,1,Two,Team A,OUT_POSSESSION,75705,75787
511,1,Two,Team A,IN_POSSESSION,75788,75837
512,1,Two,Team B,OUT_POSSESSION,75788,75837
513,1,Two,Team B,IN_POSSESSION,75838,75927
514,1,Two,Team A,OUT_POSSESSION,75838,75927
515,1,Two,Team B,IN_POSSESSION,75990,76040
516,1,Two,Team A,OUT_POSSESSION,75990,76040
517,1,Two,Team A,IN_POSSESSION,76041,76110
518,1,Two,Team B,OUT_POSSESSION,76041,76110
519,1,Two,Team A,IN_POSSESSION,76294,76378
520,1,Two,Team B,OUT_POSSESSION,76294,76378
521,1,Two,Team A,IN_POSSESSION,76380,76422
522,1,Two,Team B,OUT_POSSESSION,76380,76422
523,1,Two,Team B,IN_POSSESSION,76423,76550
524,1,Two,Team A,OUT_POSSESSION,76423,76550
525,1,Two,Team A,IN_POSSESSION,76551,76941
526,1,Two,Team B,OUT_POSSESSION,76551,76941
527,1,Two,Team B,IN_POSSESSION,76942,77092
528,1,Two,Team A,OUT_POSSESSION,76942,77092
529,1,Two,Team A,IN_POSSESSION,77296,77886
530,1,Two,Team B,OUT_POSSESSION,77296,77886
531,1,Two,Team A,IN_POSSESSION,78252,79262
532,1,Two,Team B,OUT_POSSESSION,78252,79262
533,1,Two,Team B,IN_POSSESSION,79263,79266
534,1,Two,Team A,OUT_POSSESSION,79263,79266
535,1,Two,Team B,IN_POSSESSION,79382,79450
536,1,Two,Team A,OUT_POSSESSION,79382,79450
537,1,Two,Team A,IN_POSSESSION,79451,79536
538,1,Two,Team B,OUT_POSSESSION,79451,79536
539,1,Two,Team B,IN_POSSESSION,79537,79735
540,1,Two,Team A,OUT_POSSESSION,79537,79735
541,1,Two,Team A,IN_POSSESSION,79736,79795
542,1,Two,Team B,OUT_POSSESSION,79736,79795
543,1,Two,Team B,IN_POSSESSION,79810,80314
544,1,Two,Team A,OUT_POSSESSION,79810,80314
545,1,Two,Team A,IN_POSSESSION,80315,80358
546,1,Two,Team B,OUT_POSSESSION,80315,80358
547,1,Two,Team B,IN_POSSESSION,80382,80633
548,1,Two,Team A,OUT_POSSESSION,80382,80633
549,1,Two,Team A,IN_POSSESSION,80634,80662
550,1,Two,Team B,OUT_POSSESSION,80634,80662
551,1,Two,Team B,IN_POSSESSION,80696,82124
552,1,Two,Team A,OUT_POSSESSION,80696,82124
553,1,Two,Team A,IN_POSSESSION,82125,82439
554,1,Two,Team B,OUT_POSSESSION,82125,82439
555,1,Two,Team B,IN_POSSESSION,82440,82504
556,1,Two,Team A,OUT_POSSESSION,82440,82504
557,1,Two,Team A,IN_POSSESSION,82548,82568
558,1,Two,Team B,OUT_POSSESSION,82548,82568
559,1,Two,Team B,IN_POSSESSION,82569,82618
560,1,Two,Team A,OUT_POSSESSION,82569,82618
561,1,Two,Team A,IN_POSSESSION,82620,82677
562,1,Two,Team B,OUT_POSSESSION,82620,82677
563,1,Two,Team B,IN_POSSESSION,82745,83261
564,1,Two,Team A,OUT_POSSESSION,82745,83261
565,1,Two,Team A,IN_POSSESSION,83262,83301
566,1,Two,Team B,OUT_POSSESSION,83262,83301
567,1,Two,Team B,IN_POSSESSION,83302,83610
568,1,Two,Team A,OUT_POSSESSION,83302,83610
569,1,Two,Team A,IN_POSSESSION,83611,83716
570,1,Two,Team B,OUT_POSSESSION,83611,83716
571,1,Two,Team A,IN_POSSESSION,83717,83719
572,1,Two,Team B,OUT_POSSESSION,83717,83719
573,1,Two,Team B,IN_POSSESSION,83720,84237
574,1,Two,Team A,OUT_POSSESSION,83720,84237
575,1,Two,Team B,IN_POSSESSION,84269,84517
576,1,Two,Team A,OUT_POSSESSION,84269,84517
577,1,Two,Team A,IN_POSSESSION,84518,84600
578,1,Two,Team B,OUT_POSSESSION,84518,84600
579,1,Two,Team B,IN_POSSESSION,84601,84634
580,1,Two,Team A,OUT_POSSESSION,84601,84634
581,1,Two,Team B,IN_POSSESSION,84671,85352
582,1,Two,Team A,OUT_POSSESSION,84671,85352
583,1,Two,Team B,IN_POSSESSION,85353,85358
584,1,Two,Team A,OUT_POSSESSION,85353,85358
585,1,Two,Team A,IN_POSSESSION,85445,85490
586,1,Two,Team B,OUT_POSSESSION,85445,85490
587,1,Two,Team A,IN_POSSESSION,85491,85672
588,1,Two,Team B,OUT_POSSESSION,85491,85672
589,1,Two,Team B,IN_POSSESSION,85673,85726
590,1,Two,Team A,OUT_POSSESSION,85673,85726
591,1,Two,Team A,IN_POSSESSION,85727,85779
592,1,Two,Team B,OUT_POSSESSION,85727,85779
593,1,Two,Team B,IN_POSSESSION,85780,86926
594,1,Two,Team A,OUT_POSSESSION,85780,86926
595,1,Two,Team A,IN_POSSESSION,86927,87309
596,1,Two,Team B,OUT_POSSESSION,86927,87309
597,1,Two,Team B,IN_POSSESSION,87310,87589
598,1,Two,Team A,OUT_POSSESSION,87310,87589
599,1,Two,Team A,IN_POSSESSION,87590,87859
600,1,Two,Team B,OUT_POSSESSION,87590,87859
601,1,Two,Team B,IN_POSSESSION,87860,87913
602,1,Two,Team A,OUT_POSSESSION,87860,87913
603,1,Two,Team B,IN_POSSESSION,87914,87917
604,1,Two,Team A,OUT_POSSESSION,87914,87917
605,1,Two,Team B,IN_POSSESSION,87960,88685
606,1,Two,Team A,OUT_POSSESSION,87960,88685
607,1,Two,Team B,IN_POSSESSION,88723,88726
608,1,Two,Team A,OUT_POSSESSION,88723,88726
609,1,Two,Team A,IN_POSSESSION,88727,90438
610,1,Two,Team B,OUT_POSSESSION,88727,90438
611,1,Two,Team B,IN_POSSESSION,90439,90539
612,1,Two,Team A,OUT_POSSESSION,90439,90539
613,1,Two,Team B,IN_POSSESSION,90540,90541
614,1,Two,Team A,OUT_POSSESSION,90540,90541
615,1,Two,Team A,IN_POSSESSION,90583,90991
616,1,Two,Team B,OUT_POSSESSION,90583,90991
617,1,Two,Team A,IN_POSSESSION,90994,91008
618,1,Two,Team B,OUT_POSSESSION,90994,91008
619,1,Two,Team B,IN_POSSESSION,91009,91566
620,1,Two,Team A,OUT_POSSESSION,91009,91566
621,1,Two,Team B,IN_POSSESSION,91567,91939
622,1,Two,Team A,OUT_POSSESSION,91567,91939
623,1,Two,Team A,IN_POSSESSION,91940,92199
624,1,Two,Team B,OUT_POSSESSION,91940,92199
625,1,Two,Team B,IN_POSSESSION,92200,92338
626,1,Two,Team A,OUT_POSSESSION,92200,92338
627,1,Two,Team A,IN_POSSESSION,92409,92583
628,1,Two,Team B,OUT_POSSESSION,92409,92583
629,1,Two,Team B,IN_POSSESSION,92584,92587
630,1,Two,Team A,OUT_POSSESSION,92584,92587
631,1,Two,Team A,IN_POSSESSION,92588,94847
632,1,Two,Team B,OUT_POSSESSION,92588,94847
633,1,Two,Team B,IN_POSSESSION,94848,94952
634,1,Two,Team A,OUT_POSSESSION,94848,94952
635,1,Two,Team B,IN_POSSESSION,94990,95298
636,1,Two,Team A,OUT_POSSESSION,94990,95298
637,1,Two,Team A,IN_POSSESSION,95299,95937
638,1,Two,Team B,OUT_POSSESSION,95299,95937
639,1,Two,Team B,IN_POSSESSION,95938,95962
640,1,Two,Team A,OUT_POSSESSION,95938,95962
641,1,Two,Team A,IN_POSSESSION,95963,95989
642,1,Two,Team B,OUT_POSSESSION,95963,95989
643,1,Two,Team B,IN_POSSESSION,95990,95991
644,1,Two,Team A,OUT_POSSESSION,95990,95991
645,1,Two,Team A,IN_POSSESSION,95992,96013
646,1,Two,Team B,OUT_POSSESSION,95992,96013
647,1,Two,Team B,IN_POSSESSION,96014,96361
648,1,Two,Team A,OUT_POSSESSION,96014,96361
649,1,Two,Team A,IN_POSSESSION,96362,96764
650,1,Two,Team B,OUT_POSSESSION,96362,96764
651,1,Two,Team A,IN_POSSESSION,96766,96832
652,1,Two,Team B,OUT_POSSESSION,96766,96832
653,1,Two,Team B,IN_POSSESSION,96833,97791
654,1,Two,Team A,OUT_POSSESSION,96833,97791
655,1,Two,Team A,IN_POSSESSION,97831,98828
656,1,Two,Team B,OUT_POSSESSION,97831,98828
657,1,Two,Team B,IN_POSSESSION,98829,98861
658,1,Two,Team A,OUT_POSSESSION,98829,98861
659,1,Two,Team B,IN_POSSESSION,98869,98996
660,1,Two,Team A,OUT_POSSESSION,98869,98996
661,1,Two,Team A,IN_POSSESSION,98997,99378
662,1,Two,Team B,OUT_POSSESSION,98997,99378
663,1,Two,Team B,IN_POSSESSION,99379,99491
664,1,Two,Team A,OUT_POSSESSION,99379,99491
665,1,Two,Team A,IN_POSSESSION,99492,100594
666,1,Two,Team B,OUT_POSSESSION,99492,100594
667,1,Two,Team B,IN_POSSESSION,100595,100656
668,1,Two,Team A,OUT_POSSESSION,100595,100656
669,1,Two,Team A,IN_POSSESSION,100657,100673
670,1,Two,Team B,OUT_POSSESSION,100657,100673
671,1,Two,Team A,IN_POSSESSION,100674,100737
672,1,Two,Team B,OUT_POSSESSION,100674,100737
673,1,Two,Team B,IN_POSSESSION,100738,100765
674,1,Two,Team A,OUT_POSSESSION,100738,100765
675,1,Two,Team B,IN_POSSESSION,100767,100843
676,1,Two,Team A,OUT_POSSESSION,100767,100843
677,1,Two,Team A,IN_POSSESSION,100844,101026
678,1,Two,Team B,OUT_POSSESSION,100844,101026
679,1,Two,Team B,IN_POSSESSION,101027,101109
680,1,Two,Team A,OUT_POSSESSION,101027,101109
681,1,Two,Team A,IN_POSSESSION,101110,101361
682,1,Two,Team B,OUT_POSSESSION,101110,101361
683,1,Two,Team B,IN_POSSESSION,101362,101766
684,1,Two,Team A,OUT_POSSESSION,101362,101766
685,1,Two,Team A,IN_POSSESSION,101767,101807
686,1,Two,Team B,OUT_POSSESSION,101767,101807
687,1,Two,Team B,IN_POSSESSION,101808,103113
688,1,Two,Team A,OUT_POSSESSION,101808,103113
689,1,Two,Team A,IN_POSSESSION,103114,103206
690,1,Two,Team B,OUT_POSSESSION,103114,103206
691,1,Two,Team B,IN_POSSESSION,103207,103276
692,1,Two,Team A,OUT_POSSESSION,103207,103276
693,1,Two,Team A,IN_POSSESSION,103277,103432
694,1,Two,Team B,OUT_POSSESSION,103277,103432
695,1,Two,Team B,IN_POSSESSION,103433,103507
696,1,Two,Team A,OUT_POSSESSION,103433,103507
697,1,Two,Team A,IN_POSSESSION,103509,103734
698,1,Two,Team B,OUT_POSSESSION,103509,103734
699,1,Two,Team B,IN_POSSESSION,103735,103786
700,1,Two,Team A,OUT_POSSESSION,103735,103786
701,1,Two,Team A,IN_POSSESSION,103788,104033
702,1,Two,Team B,OUT_POSSESSION,103788,104033
703,1,Two,Team A,IN_POSSESSION,104179,105025
704,1,Two,Team B,OUT_POSSESSION,104179,105025
705,1,Two,Team A,IN_POSSESSION,106000,106312
706,1,Two,Team B,OUT_POSSESSION,106000,106312
707,1,Two,Team A,IN_POSSESSION,106313,106927
708,1,Two,Team B,OUT_POSSESSION,106313,106927
709,1,Two,Team A,IN_POSSESSION,106961,106970
710,1,Two,Team B,OUT_POSSESSION,106961,106970
711,1,Two,Team B,IN_POSSESSION,106971,107007
712,1,Two,Team A,OUT_POSSESSION,106971,107007
713,1,Two,Team A,IN_POSSESSION,107008,107140
714,1,Two,Team B,OUT_POSSESSION,107008,107140
715,1,Two,Team B,IN_POSSESSION,107141,107277
716,1,Two,Team A,OUT_POSSESSION,107141,107277
717,1,Two,Team A,IN_POSSESSION,107278,107319
718,1,Two,Team B,OUT_POSSESSION,107278,107319
719,1,Two,Team B,IN_POSSESSION,107320,107349
720,1,Two,Team A,OUT_POSSESSION,107320,107349
721,1,Two,Team A,IN_POSSESSION,107350,107458
722,1,Two,Team B,OUT_POSSESSION,107350,107458
723,1,Two,Team B,IN_POSSESSION,107459,107515
724,1,Two,Team A,OUT_POSSESSION,107459,107515
725,1,Two,Team A,IN_POSSESSION,107516,107526
726,1,Two,Team B,OUT_POSSESSION,107516,107526
727,1,Two,Team A,IN_POSSESSION,107553,107624
728,1,Two,Team B,OUT_POSSESSION,107553,107624
729,1,Two,Team B,IN_POSSESSION,107629,107873
730,1,Two,Team A,OUT_POSSESSION,107629,107873
731,1,Two,Team A,IN_POSSESSION,107874,107946
732,1,Two,Team B,OUT_POSSESSION,107874,107946
733,1,Two,Team A,IN_POSSESSION,107964,108290
734,1,Two,Team B,OUT_POSSESSION,107964,108290
735,1,Two,Team A,IN_POSSESSION,108338,108366
736,1,Two,Team B,OUT_POSSESSION,108338,108366
737,1,Two,Team A,IN_POSSESSION,108395,108504
738,1,Two,Team B,OUT_POSSESSION,108395,108504
739,1,Two,Team B,IN_POSSESSION,108505,108948
740,1,Two,Team A,OUT_POSSESSION,108505,108948
741,1,Two,Team B,IN_POSSESSION,108989,109042
742,1,Two,Team A,OUT_POSSESSION,108989,109042
743,1,Two,Team B,IN_POSSESSION,109043,109143
744,1,Two,Team A,OUT_POSSESSION,109043,109143
745,1,Two,Team A,IN_POSSESSION,109144,109230
746,1,Two,Team B,OUT_POSSESSION,109144,109230
747,1,Two,Team B,IN_POSSESSION,109231,109367
748,1,Two,Team A,OUT_POSSESSION,109231,109367
749,1,Two,Team A,IN_POSSESSION,109368,109373
750,1,Two,Team B,OUT_POSSESSION,109368,109373
751,1,Two,Team B,IN_POSSESSION,109418,110614
752,1,Two,Team A,OUT_POSSESSION,109418,110614
753,1,Two,Team A,IN_POSSESSION,110615,111378
754,1,Two,Team B,OUT_POSSESSION,110615,111378
755,1,Two,Team B,IN_POSSESSION,111379,111423
756,1,Two,Team A,OUT_POSSESSION,111379,111423
757,1,Two,Team A,IN_POSSESSION,111424,111465
758,1,Two,Team B,OUT_POSSESSION,111424,111465
759,1,Two,Team A,IN_POSSESSION,111547,111669
760,1,Two,Team B,OUT_POSSESSION,111547,111669
761,1,Two,Team B,IN_POSSESSION,111670,111925
762,1,Two,Team A,OUT_POSSESSION,111670,111925
763,1,Two,Team A,IN_POSSESSION,111926,112065
764,1,Two,Team B,OUT_POSSESSION,111926,112065
765,1,Two,Team B,IN_POSSESSION,112066,112148
766,1,Two,Team A,OUT_POSSESSION,112066,112148
767,1,Two,Team B,IN_POSSESSION,112252,112408
768,1,Two,Team A,OUT_POSSESSION,112252,112408
769,1,Two,Team B,IN_POSSESSION,112452,113376
770,1,Two,Team A,OUT_POSSESSION,112452,113376
771,1,Two,Team A,IN_POSSESSION,113377,113470
772,1,Two,Team B,OUT_POSSESSION,113377,113470
773,1,Two,Team B,IN_POSSESSION,113471,113665
774,1,Two,Team A,OUT_POSSESSION,113471,113665
775,1,Two,Team A,IN_POSSESSION,113666,113667
776,1,Two,Team B,OUT_POSSESSION,113666,113667
777,1,Two,Team A,IN_POSSESSION,113962,114354
778,1,Two,Team B,OUT_POSSESSION,113962,114354
779,1,Two,Team B,IN_POSSESSION,114355,114948
780,1,Two,Team A,OUT_POSSESSION,114355,114948
781,1,Two,Team A,IN_POSSESSION,114949,115786
782,1,Two,Team B,OUT_POSSESSION,114949,115786
783,1,Two,Team B,IN_POSSESSION,115787,116849
784,1,Two,Team A,OUT_POSSESSION,115787,116849
785,1,Two,Team B,IN_POSSESSION,116867,117122
786,1,Two,Team A,OUT_POSSESSION,116867,117122
787,1,Two,Team A,IN_POSSESSION,117123,117376
788,1,Two,Team B,OUT_POSSESSION,117123,117376
789,1,Two,Team B,IN_POSSESSION,117377,117418
790,1,Two,Team A,OUT_POSSESSION,117377,117418
791,1,Two,Team B,IN_POSSESSION,117420,117657
792,1,Two,Team A,OUT_POSSESSION,117420,117657
793,1,Two,Team A,IN_POSSESSION,117658,118018
794,1,Two,Team B,OUT_POSSESSION,117658,118018
795,1,Two,Team B,IN_POSSESSION,118019,118083
796,1,Two,Team A,OUT_POSSESSION,118019,118083
797,1,Two,Team A,IN_POSSESSION,118128,118484
798,1,Two,Team B,OUT_POSSESSION,118128,118484
799,1,Two,Team B,IN_POSSESSION,118485,118685
800,1,Two,Team A,OUT_POSSESSION,118485,118685
801,1,Two,Team A,IN_POSSESSION,118686,118767
802,1,Two,Team B,OUT_POSSESSION,118686,118767
803,1,Two,Team B,IN_POSSESSION,118769,118993
804,1,Two,Team A,OUT_POSSESSION,118769,118993
805,1,Two,Team B,IN_POSSESSION,118994,118995
806,1,Two,Team A,OUT_POSSESSION,118994,118995
807,1,Two,Team B,IN_POSSESSION,119031,119695
808,1,Two,Team A,OUT_POSSESSION,119031,119695
809,1,Two,Team B,IN_POSSESSION,119701,120304
810,1,Two,Team A,OUT_POSSESSION,119701,120304
811,1,Two,Team A,IN_POSSESSION,120305,120357
812,1,Two,Team B,OUT_POSSESSION,120305,120357
813,1,Two,Team A,IN_POSSESSION,120374,120419
814,1,Two,Team B,OUT_POSSESSION,120374,120419
815,1,Two,Team B,IN_POSSESSION,120420,121338
816,1,Two,Team A,OUT_POSSESSION,120420,121338
817,1,Two,Team A,IN_POSSESSION,121341,121546
818,1,Two,Team B,OUT_POSSESSION,121341,121546
819,1,Two,Team A,IN_POSSESSION,121566,121596
820,1,Two,Team B,OUT_POSSESSION,121566,121596
821,1,Two,Team B,IN_POSSESSION,121597,121671
822,1,Two,Team A,OUT_POSSESSION,121597,121671
823,1,Two,Team A,IN_POSSESSION,121672,122359
824,1,Two,Team B,OUT_POSSESSION,121672,122359
825,1,Two,Team B,IN_POSSESSION,122360,122784
826,1,Two,Team A,OUT_POSSESSION,122360,122784
827,1,Two,Team B,IN_POSSESSION,122785,122910
828,1,Two,Team A,OUT_POSSESSION,122785,122910
829,1,Two,Team A,IN_POSSESSION,122911,122996
830,1,Two,Team B,OUT_POSSESSION,122911,122996
831,1,Two,Team A,IN_POSSESSION,122997,122999
832,1,Two,Team B,OUT_POSSESSION,122997,122999
833,1,Two,Team A,IN_POSSESSION,123051,123742
834,1,Two,Team B,OUT_POSSESSION,123051,123742
835,1,Two,Team B,IN_POSSESSION,123743,123781
836,1,Two,Team A,OUT_POSSESSION,123743,123781
837,1,Two,Team A,IN_POSSESSION,123839,124032
838,1,Two,Team B,OUT_POSSESSION,123839,124032
839,1,Two,Team A,IN_POSSESSION,124073,124139
840,1,Two,Team B,OUT_POSSESSION,124073,124139
841,1,Two,Team B,IN_POSSESSION,124140,124405
842,1,Two,Team A,OUT_POSSESSION,124140,124405
843,1,Two,Team A,IN_POSSESSION,124406,124799
844,1,Two,Team B,OUT_POSSESSION,124406,124799
845,1,Two,Team B,IN_POSSESSION,124800,125623
846,1,Two,Team A,OUT_POSSESSION,124800,125623
847,1,Two,Team A,IN_POSSESSION,125624,125661
848,1,Two,Team B,OUT_POSSESSION,125624,125661
849,1,Two,Team B,IN_POSSESSION,125662,125782
850,1,Two,Team A,OUT_POSSESSION,125662,125782
851,1,Two,Team A,IN_POSSESSION,125783,126428
852,1,Two,Team B,OUT_POSSESSION,125783,126428
853,1,Two,Team A,IN_POSSESSION,126771,128045
854,1,Two,Team B,OUT_POSSESSION,126771,128045
855,1,Two,Team B,IN_POSSESSION,128046,128096
856,1,Two,Team A,OUT_POSSESSION,128046,128096
857,1,Two,Team B,IN_POSSESSION,128130,128164
858,1,Two,Team A,OUT_POSSESSION,128130,128164
859,1,Two,Team A,IN_POSSESSION,128165,128186
860,1,Two,Team B,OUT_POSSESSION,128165,128186
861,1,Two,Team B,IN_POSSESSION,128187,128226
862,1,Two,Team A,OUT_POSSESSION,128187,128226
863,1,Two,Team B,IN_POSSESSION,128266,128410
864,1,Two,Team A,OUT_POSSESSION,128266,128410
865,1,Two,Team B,IN_POSSESSION,128411,128453
866,1,Two,Team A,OUT_POSSESSION,128411,128453
867,1,Two,Team A,IN_POSSESSION,128454,129313
868,1,Two,Team B,OUT_POSSESSION,128454,129313
869,1,Two,Team B,IN_POSSESSION,129338,130319
870,1,Two,Team A,OUT_POSSESSION,129338,130319
871,1,Two,Team A,IN_POSSESSION,130320,130363
872,1,Two,Team B,OUT_POSSESSION,130320,130363
873,1,Two,Team B,IN_POSSESSION,130364,130435
874,1,Two,Team A,OUT_POSSESSION,130364,130435
875,1,Two,Team A,IN_POSSESSION,130440,130675
876,1,Two,Team B,OUT_POSSESSION,130440,130675
877,1,Two,Team A,IN_POSSESSION,130695,131066
878,1,Two,Team B,OUT_POSSESSION,130695,131066
879,1,Two,Team B,IN_POSSESSION,131067,131087
880,1,Two,Team A,OUT_POSSESSION,131067,131087
881,1,Two,Team A,IN_POSSESSION,131088,131092
882,1,Two,Team B,OUT_POSSESSION,131088,131092
883,1,Two,Team B,IN_POSSESSION,131125,131176
884,1,Two,Team A,OUT_POSSESSION,131125,131176
885,1,Two,Team A,IN_POSSESSION,131177,131194
886,1,Two,Team B,OUT_POSSESSION,131177,131194
887,1,Two,Team A,IN_POSSESSION,131195,131197
888,1,Two,Team B,OUT_POSSESSION,131195,131197
889,1,Two,Team B,IN_POSSESSION,131198,131245
890,1,Two,Team A,OUT_POSSESSION,131198,131245
891,1,Two,Team A,IN_POSSESSION,131246,131364
892,1,Two,Team B,OUT_POSSESSION,131246,131364
893,1,Two,Team B,IN_POSSESSION,131365,131384
894,1,Two,Team A,OUT_POSSESSION,131365,131384
895,1,Two,Team A,IN_POSSESSION,131385,131600
896,1,Two,Team B,OUT_POSSESSION,131385,131600
897,1,Two,Team B,IN_POSSESSION,131602,131616
898,1,Two,Team A,OUT_POSSESSION,131602,131616
899,1,Two,Team A,IN_POSSESSION,131617,132346
900,1,Two,Team B,OUT_POSSESSION,131617,132346
901,1,Two,Team B,IN_POSSESSION,132347,132432
902,1,Two,Team A,OUT_POSSESSION,132347,132432
903,1,Two,Team A,IN_POSSESSION,132433,132437
904,1,Two,Team B,OUT_POSSESSION,132433,132437
905,1,Two,Team A,IN_POSSESSION,132540,132790
906,1,Two,Team B,OUT_POSSESSION,132540,132790
907,1,Two,Team B,IN_POSSESSION,132791,133211
908,1,Two,Team A,OUT_POSSESSION,132791,133211
909,1,Two,Team A,IN_POSSESSION,133212,133262
910,1,Two,Team B,OUT_POSSESSION,133212,133262
911,1,Two,Team B,IN_POSSESSION,133263,133409
912,1,Two,Team A,OUT_POSSESSION,133263,133409
913,1,Two,Team A,IN_POSSESSION,133410,133418
914,1,Two,Team B,OUT_POSSESSION,133410,133418
915,1,Two,Team B,IN_POSSESSION,133419,133437
916,1,Two,Team A,OUT_POSSESSION,133419,133437
917,1,Two,Team A,IN_POSSESSION,133438,133606
918,1,Two,Team B,OUT_POSSESSION,133438,133606
919,1,Two,Team B,IN_POSSESSION,133607,133664
920,1,Two,Team A,OUT_POSSESSION,133607,133664
921,1,Two,Team B,IN_POSSESSION,133690,134398
922,1,Two,Team A,OUT_POSSESSION,133690,134398
923,1,Two,Team B,IN_POSSESSION,134399,134408
924,1,Two,Team A,OUT_POSSESSION,134399,134408
925,1,Two,Team B,IN_POSSESSION,135319,135660
926,1,Two,Team A,OUT_POSSESSION,135319,135660
927,1,Two,Team A,IN_POSSESSION,135661,135695
928,1,Two,Team B,OUT_POSSESSION,135661,135695
929,1,Two,Team B,IN_POSSESSION,135696,135778
930,1,Two,Team A,OUT_POSSESSION,135696,135778
931,1,Two,Team A,IN_POSSESSION,135779,135871
932,1,Two,Team B,OUT_POSSESSION,135779,135871
933,1,Two,Team B,IN_POSSESSION,135872,135880
934,1,Two,Team A,OUT_POSSESSION,135872,135880
935,1,Two,Team A,IN_POSSESSION,135881,135900
936,1,Two,Team B,OUT_POSSESSION,135881,135900
937,1,Two,Team B,IN_POSSESSION,135901,135959
938,1,Two,Team A,OUT_POSSESSION,135901,135959
939,1,Two,Team A,IN_POSSESSION,135960,136188
940,1,Two,Team B,OUT_POSSESSION,135960,136188
941,1,Two,Team B,IN_POSSESSION,136189,136236
942,1,Two,Team A,OUT_POSSESSION,136189,136236
943,1,Two,Team A,IN_POSSESSION,136237,136319
944,1,Two,Team B,OUT_POSSESSION,136237,136319
945,1,Two,Team B,IN_POSSESSION,136320,136425
946,1,Two,Team A,OUT_POSSESSION,136320,136425
947,1,Two,Team A,IN_POSSESSION,136426,136446
948,1,Two,Team B,OUT_POSSESSION,136426,136446
949,1,Two,Team A,IN_POSSESSION,136476,136982
950,1,Two,Team B,OUT_POSSESSION,136476,136982
951,1,Two,Team A,IN_POSSESSION,137039,138298
952,1,Two,Team B,OUT_POSSESSION,137039,138298
953,1,Two,Team B,IN_POSSESSION,138299,138382
954,1,Two,Team A,OUT_POSSESSION,138299,138382
955,1,Two,Team A,IN_POSSESSION,138383,139057
956,1,Two,Team B,OUT_POSSESSION,138383,139057
957,1,Two,Team B,IN_POSSESSION,139058,139124
958,1,Two,Team A,OUT_POSSESSION,139058,139124
959,1,Two,Team B,IN_POSSESSION,139125,139131
960,1,Two,Team A,OUT_POSSESSION,139125,139131
961,1,Two,Team B,IN_POSSESSION,139137,139242
962,1,Two,Team A,OUT_POSSESSION,139137,139242
963,1,Two,Team A,IN_POSSESSION,139243,139590
964,1,Two,Team B,OUT_POSSESSION,139243,139590
965,1,Two,Team B,IN_POSSESSION,139591,139625
966,1,Two,Team A,OUT_POSSESSION,139591,139625
967,1,Two,Team A,IN_POSSESSION,139626,139686
968,1,Two,Team B,OUT_POSSESSION,139626,139686
969,1,Two,Team B,IN_POSSESSION,139687,139765
970,1,Two,Team A,OUT_POSSESSION,139687,139765
971,1,Two,Team B,IN_POSSESSION,139800,139897
972,1,Two,Team A,OUT_POSSESSION,139800,139897
973,1,Two,Team B,IN_POSSESSION,139933,140543
974,1,Two,Team A,OUT_POSSESSION,139933,140543
975,1,Two,Team A,IN_POSSESSION,140612,140949
976,1,Two,Team B,OUT_POSSESSION,140612,140949
977,1,Two,Team B,IN_POSSESSION,140986,141141
978,1,Two,Team A,OUT_POSSESSION,140986,141141
979,1,Two,Team A,IN_POSSESSION,141142,141144
980,1,Two,Team B,OUT_POSSESSION,141142,141144
981,1,Two,Team B,IN_POSSESSION,141145,141160
982,1,Two,Team A,OUT_POSSESSION,141145,141160
983,1,Two,Team A,IN_POSSESSION,141161,141871
984,1,Two,Team B,OUT_POSSESSION,141161,141871
985,1,Two,Team B,IN_POSSESSION,141872,141921
986,1,Two,Team A,OUT_POSSESSION,141872,141921
987,1,Two,Team A,IN_POSSESSION,141922,141985
988,1,Two,Team B,OUT_POSSESSION,141922,141985
989,1,Two,Team B,IN_POSSESSION,141986,142440
990,1,Two,Team A,OUT_POSSESSION,141986,142440
991,1,Two,Team A,IN_POSSESSION,142441,142499
992,1,Two,Team B,OUT_POSSESSION,142441,142499
993,1,Two,Team A,IN_POSSESSION,142530,142556
994,1,Two,Team B,OUT_POSSESSION,142530,142556
